givenName,surname,birthdate
Gavin,Tyra,11/25/2012
Zachary,Danso,8/17/2009
Ethan,Balls,7/6/2014
Justin,Otis,12/25/2012
Mitchel,Elliott,1/3/2010
Daniel,Ririe,7/24/2010
Dawson,Tomlinson,6/12/2013
Carolina,Rowley,3/22/2014
Ryan,Knudson,8/7/2010
Manoel,Gonzalez,1/10/2014
Thomas,Cantarero,8/17/2011
Alexander,Bingham,1/30/2015
Cody,Gjoni,1/14/2008
Tyler,Moreira,10/16/2009
Camron,Jensen,3/1/2015
Lora,de Jong,8/3/2014
Giuliana,Child,12/9/2014
Benjamin,Rojas,12/24/2010
Jonathan,Hibbert,4/9/2012
Lora,Tuckett,9/4/2014
Joshua,Bingham,5/22/2015
Krystiane,Cornelius,8/5/2013
Dylan,Bradford,10/11/2008
Raymond,Cooper,9/28/2014
Chase,McGettigan,10/7/2011
Bryson,Cheuk,3/21/2015
Aoi,Lee,2/22/2009
Joshua,Bringhurst,7/18/2011
Amarsanaa,Cromar,7/15/2010
Camdon,Radke,1/31/2009
Curtis,Loveridge,1/14/2011
Kaden,Potter,2/21/2013
Chase,Grecco,6/18/2015
Robert,Vasiuk,10/20/2010
Ammon,Reeder,11/22/2014
Daniel,Carroll,3/17/2012
Tyler,Gubler,10/1/2012
Jonah,Skinner,9/18/2010
Matthew,Knutzen,9/16/2013
Crescencio,Burke,10/26/2013
Carl,Smith,6/14/2015
Garrett,McMullens,4/22/2011
Jacob,Ortiz,2/4/2009
Jonathan,Weatherston,12/30/2013
Aidan,Havens,8/12/2014
Adam,Chase,8/4/2009
Joshua,Vredenburg,5/22/2010
Jakob,Moore,8/9/2008
Chih-Yang,Olson,12/23/2008
Tanner,McAllister,2/13/2009
Trevor,Johnson,11/19/2009
Cierra,Mikami,10/30/2013
Star,Resendiz,12/19/2011
John,Tsuchiya,6/30/2010
Nathan,Johnson,3/3/2013
Caleb,Aitchison,10/3/2011
Spencer,Duffin,2/26/2010
Shiekahadd,Autran,3/22/2012
Emmanuel,Johnson,9/6/2010
Marco,Zeng,6/25/2009
Colton,Kent,2/25/2009
Brody,Wilson,10/29/2013
Jefferson,Brush,7/30/2010
Cristians,Cannon,10/28/2010
Christopher,Beck,8/12/2012
Ryan,Bishop,11/10/2014
Christopher,Johnson,4/27/2011
Daniel,Rowley,10/16/2009
Jonathan,Martell,8/25/2011
Jared,Jacobs,10/18/2013
Spencer,Biziyabal,7/9/2009
Juan,Miller,6/7/2012
Jordan,White,6/16/2012
Kaleb,Young,6/7/2012
Nathan,Bowman,1/7/2014
Steven,Bond,12/28/2013
Kjellden,Merrell,11/3/2009
Christian,White,1/9/2015
Chaim,Coglianese,11/14/2009
Dallin,Brown,12/17/2013
Raquel,White,5/14/2010
Jason,Smith,11/21/2009
Ernest,Adams,5/15/2013
Aranza,Billman,12/8/2012
Noah,Flora,3/5/2011
Madison,Russell,8/30/2012
Julia,Sorenson,12/26/2010
Andrea,Omokoh,11/8/2014
Virginia,Banta,10/11/2010
Melissa,Littlefield,7/21/2009
Louis,Littlefield,10/21/2013
Diana,Brooks,10/26/2012
Joyce,Cox,7/30/2014
Wayne,Orchard,2/16/2010
Gregory,Kofford,7/22/2011
Richard,Ali,5/29/2013
Jack,Reynolds,12/3/2013
Deborah,Davison,5/10/2012
Larry,Omokoh,3/16/2011
Nancy,Moore,8/2/2014
